product_id,product_name,aisle_id,department_id
1,Chocolate Sandwich Cookies,61,19
2,All-Seasons Salt,104,13
3,Robust Golden Unsweetened Oolong Tea,94,7
4,Smart Ones Classic Favorites Mini Rigatoni With Vodka Cream Sauce,38,1
5,Green Chile Anytime Sauce,5,13
6,Dry Nose Oil,11,11
7,Pure Coconut Water With Orange,98,7
8,Cut Russet Potatoes Steam N' Mash,116,1
9,Light Strawberry Blueberry Yogurt,120,16
10,Sparkling Orange Juice & Prickly Pear Beverage,115,7
11,Peach Mango Juice,31,7
12,Chocolate Fudge Layer Cake,119,1
13,Saline Nasal Mist,11,11
14,Fresh Scent Dishwasher Cleaner,74,17
15,Overnight Diapers Size 6,56,18
16,Mint Chocolate Flavored Syrup,103,19
17,Rendered Duck Fat,35,12
18,Pizza for One Suprema  Frozen Pizza,79,1
19,Gluten Free Quinoa Three Cheese & Mushroom Blend,63,9
20,Pomegranate Cranberry & Aloe Vera Enrich Drink,98,7
21,Small & Medium Dental Dog Treats,40,8
22,Fresh Breath Oral Rinse Mild Mint,20,11
23,Organic Turkey Burgers,49,12
24,Tri-Vi-Sol® Vitamins A-C-and D Supplement Drops for Infants,47,11
25,Salted Caramel Lean Protein & Fiber Bar,3,19
26,Fancy Feast Trout Feast Flaked Wet Cat Food,41,8
27,Complete Spring Water Foaming Antibacterial Hand Wash,127,11
28,Wheat Chex Cereal,121,14
29,Fresh Cut Golden Sweet No Salt Added Whole Kernel Corn,81,15
30,"Three Cheese Ziti, Marinara with Meatballs",38,1
31,White Pearl Onions,123,4
32,Nacho Cheese White Bean Chips,107,19
33,Organic Spaghetti Style Pasta,131,9
34,Peanut Butter Cereal,121,14
35,Italian Herb Porcini Mushrooms Chicken Sausage,106,12
36,Traditional Lasagna with Meat Sauce Savory Italian Recipes,38,1
37,Noodle Soup Mix With Chicken Broth,69,15
38,Ultra Antibacterial Dish Liquid,100,21
39,Daily Tangerine Citrus Flavored Beverage,64,7
40,Beef Hot Links Beef Smoked Sausage With Chile Peppers,106,12
41,Organic Sourdough Einkorn Crackers Rosemary,78,19
42,Biotin 1000 mcg,47,11
43,Organic Clementines,123,4
44,Sparkling Raspberry Seltzer,115,7
45,European Cucumber,83,4
46,Raisin Cinnamon Bagels 5 count,58,1
47,Onion Flavor Organic Roasted Seaweed Snack,66,6
48,"School Glue, Washable, No Run",87,17
49,Vegetarian Grain Meat Sausages Italian - 4 CT,14,20
50,Pumpkin Muffin Mix,105,13
51,Sa Extra Hold Mousse Hair Styling,22,11
52,Mirabelle Brut Rose,134,5
53,Whole Leaf Pure Aloe With Lemon Juice,98,7
54,24/7 Performance Cat Litter,41,8
55,Lasting Color Shampoo,22,11
56,Healthy Pop Butter Popcorn,23,19
57,Flat Toothpicks,111,17
58,Whole Wheat Tortillas,128,3
59,Medium Taqueria Style Chipotle Salsa,50,19
60,Cheesy Creations Roasted Garlic Parmesan Sauce,9,9
61,Ramen Noodles Soup Chicken Mushroom Flavor,69,15
62,Premium Deli Oven Roasted Turkey Breast,96,20
63,Banana & Sweet Potato Organic Teething Wafers,92,18
64,Autumn Vegetable & Turkey Dinner with Lil' Bits Purees Dinner,92,18
65,Organic Red Wine & Olive Oil Dressing Organic,89,13
66,European Style Spring Mix,123,4
67,"Jelly, Blackberry",88,13
68,"Pancake Mix, Buttermilk",130,14
69,Vanilla with Almond Milk Iced Coffee,26,7
70,Sweet Cooking Rice Seasoning,66,6
71,Ultra 7 Inch Polypropylene Traditional Plates,111,17
72,Organic Honeycrisp Apples,100,21
73,Jasmine Tea Unfiltered Ginger Ale,77,7
74,Artisan Chick'n & Apple Sausage,14,20
75,"Hemp Protein, Organic",65,11
76,Spinach Basil Garlic Linguini,12,9
77,Coconut Chocolate Chip Energy Bar,3,19
78,Nutter Butter Cookie Bites Go-Pak,61,19
79,Wild Albacore Tuna No Salt Added,95,15
80,French  Tarragon Wine Vinegar,19,13
81,Blakes Chicken Parmesan Dinner,38,1
82,All Natural 100% Apple Juice,98,7
83,100% Whole Wheat Pita Bread,128,3
84,Lamb Shank,7,12
85,Soppressata Piccante,96,20
86,"Camilia, Single Liquid Doses",6,2
87,Classics Earl Grey Tea,94,7
88,Probiotics High Potency Capsules,47,11
89,Yogurt Fruit Dip Sliced Apples,123,4
90,Smorz Cereal,121,14
91,Kind Prenatal Once Daily,47,11
92,Meat In The Middle Large Rawhide Chews,40,8
93,Uncured Cracked Pepper Beef,23,19
94,Organic Blueberry Blitz Fruit & Veggie Smoothie Mashups,92,18
95,Organic Rice Vinegar,66,6
96,Sprinklez Confetti Fun Organic Toppings,97,13
97,Organic Chamomile Lemon Tea,94,7
98,2% Yellow American Cheese,2,16
99,Local Living Butter Lettuce,83,4
100,Peanut Butter & Strawberry Jam Sandwich,38,1
101,"Bread, Healthy Whole Grain",112,3
102,Danish Butter Cookies,61,19
103,Sprouted Kale Cracker,78,19
104,High Fiber Tomato Basil Soup,69,15
105,"Easy Grab 9\""x13\"" Oblong Glass Bakeware",10,17
106,Organic Yummy Tummy Maple & Brown Sugar Instant Oatmeal,92,18
107,Mild Salsa Divino,51,13
108,Organic Sprouted Barley Bread,112,3
109,Grape Leaf Hummus Wrap,13,20
110,Uncured Turkey Bologna,100,21
111,"Fabric Softener, Geranium Scent",75,17
112,Hot Tomatillo Salsa,51,13
113,Infant's Blend Probiotic,70,11
114,Light Savory Beef Barley Vegetable Soup,69,15
115,Scooby-Doo! Fruit Flavored Snacks,50,19
116,English Muffins,93,3
117,Petit Suisse Fruit,2,16
118,Ground Turkey Chub,34,1
119,Chardonnay Paso Robles,62,5
120,Cauliflower Florettes,123,4
121,Sharp Cheddar,21,16
122,Pomegranate Molasses,29,13
123,Sherry Reserve Vinegar,19,13
124,Sun Cups Dark Chocolate,45,19
125,Herbal Armor DEET-Free Natural Insect Repellant,118,11
126,Hot & Spicy Chicken Flavor Ramen Noodles,4,9
127,Marscapone,108,16
128,Organic Wild Blueberries,116,1
129,Traditional Chicken & Orzo with Lemon Soup,69,15
130,Vanilla Milk Chocolate Almond Ice Cream Bars Multi-Pack,37,1
131,Brioche Bachelor Loaf,93,3
132,Yogurt Strawberry Pomegranate,120,16
133,Purifying Daily Detox Scrub,109,11
134,Stain Release Boost In-Wash Stain Remover Pacs,75,17
135,Dark Chocolate Ice Cream Topping,103,19
136,Simple,45,19
137,Very Vanilla Soymilk,91,16
138,Olli Napoli Salami,96,20
139,"Zita Cut, No. 118",131,9
140,Chips Onion Chipotle Garlic,107,19
141,Restaurant Style Organic Chia & Quinoa Tortilla Chips,107,19
142,Arugula Salad,123,4
143,Organic Lemons,24,4
144,Coarse Grind Garlic Powder & Parsley Blend,104,13
145,Traditional Water Crackers,78,19
146,Anti Diarrheal Caplets,70,11
147,Organic Ranch Veggie Dip,67,20
148,Nectarines,24,4
149,Wild Blueberry All Natural Fruit Spread,88,13
150,Brut Rosé,134,5
151,Aromatherapaes Stress Reducing Lavender & Chamomile Spa Bath,132,11
152,"3 in 1 Soap for Every Man, Cucumber & Lemon",25,11
153,"Fabric Refresher Meadows & Rain Air Freshener (1 Count, 27 oz)  Air Care",75,17
154,"Corn Dogs, Mini, Honey Crunchy Flavor",129,1
155,Artisan Ciabatta,58,1
156,Extra Spearmint Sugar-Free Gum,46,19
157,Living Organic Cilantro,16,4
158,Smoked Ham & Oven Roasted Turkey Sub Sandwich Kit,96,20
159,"Calcium Adult Gummy Vitamins, Orange Cherry & Strawberry",47,11
160,100% Recycled Aluminum Foil,97,13
161,Hacho Miso Aged & Fermented Soybeans,66,6
162,Organic Mini Homestyle Waffles,52,1
163,Dressing Bleu Cheese,89,13
164,Peanut Butter Cacao Quinoa Clusters,3,19
165,Wild Chanterelle Mushroom Ravioli,12,9
166,Garlic Parmesan Pita Bread Chips,107,19
167,Sparkling Blush Grape Juice,77,7
168,Halves & Pieces Walnuts,17,13
169,Extra Sharp Cheddar Cheese,21,16
170,Single Herbs Ginkgo Leaf Dietary Supplement,47,11
171,Steakhouse Onion Burger with Garlic Seasoning,5,13
172,Gluten Free All Natural Chocolate Chip Cookies,61,19
173,Habanero Lime Shrimp Flavor Ramen Noodle Soup,4,9
174,Vanishing Acne Treatment Cream,73,11
175,T Bone Steak,122,12
176,Original Turkey,96,20
177,Citrus Terere Yerba Mate,94,7
178,Vegan Santa Fe Style Flour Tortilla Rolled Tacos,42,1
179,Penne Rigate With Spinach,131,9
180,Simply Beyond Black Bean Tortilla Chips,107,19
181,Country Style Baked Beans,59,15
182,Acti-Fresh Body Shape Long Unscented To Go Panty Liners,126,11
183,Cookie Dough Performance Energy,3,19
184,Kisses Milk Chocolate Candy,45,19
185,Chicken Nugget Meal,38,1
186,Fresh Scent Dishwasher Detergent with Dawn,74,17
187,Wild Sardines in Marinara Sauce,95,15
188,Mild El Nino Salsa,67,20
189,Healthfull Nuts & Seeds Bread,112,3
190,Classic Culinary Low Sodium Vegetable Broth,69,15
191,Medium Spicy Butter Chicken Simmer Sauce,9,9
192,Israeli Style Gefilte Fish,33,6
193,fruitwater® Strawberry Kiwi Sparkling Water,98,7
194,Lamb Rib Chops,122,12
195,Grade A Pasteurized 2% Milkfat Lowfat Cottage Cheese with Pineapple,108,16
196,Soda,77,7
197,Cold Brew Coffee Tahitian Vanilla,26,7
198,Tzatziki Cucumber Sauce,67,20
199,Herb Thyme Clamshell,16,4
200,Radiant Pantiliners Regular Wrapped Unscented,126,11
201,Sloppy Joe,38,1
202,Spinach & Feta Pierogi,38,1
203,"Rescue Remedy, Spray",11,11
204,Free & Clear Natural Laundry Detergent For Sensitive Skin,75,17
205,Chocolate Mint Cookie Crunch Nutrition Bar,3,19
206,Roasted Vegetable Soufflé,38,1
207,Minis Candy Bars,45,19
208,Vanilla Almond Cashew Almondmilk Cashewmilk Blend,91,16
209,Italian Pasta Salad,1,20
210,Homemade Hot Arrabbiata Fra Diavolo Sauce,9,9
211,Gluten Free Organic Cereal Coconut Maple Vanilla,130,14
212,Organic Blue Corn Sea Salt Tortilla Chips,107,19
213,Tapatio Salsa Picante Hot Sauce Tortilla Chips,107,19
214,Argan Oil of Morocco Renewing Weightless Healing Dry Oil Hair Oil,22,11
215,Sambal Oelek Ground Fresh Chili Paste,66,6
216,"Gluten Free Oatmeal, Variety Pack",130,14
217,"String Cheese, Mozzarella",108,16
218,"6\"" Organic Carrot Cake",8,3
219,Totz Toothbrush Extra Soft 18+ Months,82,18
220,Tegaderm Waterproof Transparent Dressing,118,11
221,Cayenne Lemonade Made With Raw Tristate Honey,31,7
222,Honey Nut Oatmeal Squares,121,14
223,Kiwi Strawberry Sparkling Water,115,7
224,Foaming Hand Soap Kid Watermelon,114,17
225,3 Seed Blue Corn Dipping Chips,107,19
226,Shaved Parmesan Cheese,21,16
227,Triple Chocolate Snack Size,45,19
228,Organic Soups Lentil,69,15
229,EcoNet Recycled Bath Sponge,109,11
230,Vanilla Cream Soda,77,7
231,Low Sodium Turkey,49,12
232,Blue Bottle Coffee Frozen Bar,37,1
233,Chinese Breakfast Black Tea,94,7
234,Tennessee Whiskey,124,5
235,Gluten Free Blueberry Muffin Mix,105,13
236,Chicken Meatballs Dog Treats,40,8
237,Brambleberry Herbal Tea,94,7
238,Alpha-Bits Multigrain Cereal,121,14
239,Chicharrones Picante Flavor Pork Rinds,107,19
240,Nature's Seasons Seasoning Blend,104,13
241,Shrimp with Pasta & Vegetables,38,1
242,Original Red Twists,45,19
243,Taco Reduced Sodium Seasoning Mix,5,13
244,Organic Roasted Garlic Pasta Sauce,9,9
245,Poppy Seed Bagels,93,3
246,Triple-Acting Laundry Stain Remover,75,17
247,Perfectly Thymed Pita Crisps Baked,107,19
248,Dried Sweetened Cranberries,117,19
249,"Pinot Grigio, California, 2010",62,5
250,"Authentic Deep Dish, Spinach & Garlic Pizza",79,1
251,Extra Strength Melatonin Adult Gummies,47,11
252,"Waffles, Red Berry",121,14
253,Organic Vegetable Greens & Greens Juice Blend,31,7
254,Honey Mustard,72,13
255,"Cold Remedy, Quick Dissolve Tablets, Cherry Flavor",11,11
256,Island Fruits Fruit Snacks,50,19
257,Key Lime Soda,77,7
258,Vegetable Pot Pie,38,1
259,Imported Italian Solid Light Tuna In Pure Olive Oil,95,15
260,Cantaloupe,24,4
261,Organic Southwestern Burrito,38,1
262,Petite Dill Pickles,110,13
263,Red Food Color,97,13
264,Non-Fat Blueberry on the Bottom Greek Yogurt,120,16
265,Glass Storage Container with Green Silicone Protection,85,17
266,Rio Berry,64,7
267,Triple Chocolate Ripple,37,1
268,Sponge Mop,114,17
269,Stuffed Crust Five Cheese Pizza,79,1
270,OneZip Storage Bags Quart Size Value Pack,85,17
271,TAI PEI      14OZ.SWEET & SOUR CHKN,38,1
272,Propolis Herbal Supplement,47,11
273,Thin Stackers Brown Rice  Salt Free,107,19
274,Snack Bags,87,17
275,Caramel Sauce,103,19
276,French Vanilla Ice Cream,37,1
277,Diet Root Beer,77,7
278,Instant Mashed Potatoes,4,9
279,Everyday Detox Dandelion Tea,94,7
280,Makeup Remover Cleansing Towelettes,73,11
281,Chai Tea Bags,94,7
282,Oh My Cod! Cod Pate and Vegetables Cat Food,40,8
283,Organic Whole Wheat Elbows,131,9
284,Organic Spicy Heirloom Marinara Sauce,9,9
285,Mini Nilla Wafers Munch Pack,61,19
286,Lite Poppy Seed Dressing Lite,89,13
287,Turkey,96,20
288,Original Sprouted Grains Protein & Fiber Hot Oatmeal,130,14
289,100% Juice No Sugar Added Fruit Punch,98,7
290,Organic Peppermint Lemonade,31,7
291,Mint Dental Floss,20,11
292,Fresh Multi-Purpose Contact Lens Solution,44,11
293,Prime Filets Chicken & Tuna Dinner in Gravy Cat Food,41,8
294,Minis Original Saltine Crackers,78,19
295,Chewables Extra Strength Cherry Creme - 48 CT,70,11
296,For Men Odor Armor Body Wash,127,11
297,"Write Bros Ball Point Pens, Cap-Pen, Medium (1.0 mm), Black Ink",100,21
298,Brisk With Lemon Iced Tea,94,7
299,Organic Apple Spinach Kale Coconut Water Superjuice,98,7
300,Organic Enriched Unbleached White Flour,17,13
301,"Biotin 10,000mcg Maximum Strength",47,11
302,Gourmet Dog Treats Bone,40,8
303,"Candy, Original",45,19
304,Dry Roasted Pistachios,117,19
305,Wild Forest Raw Neem Honey,29,13
306,Gold Potatoes,83,4
307,Precious Mozzarella Cheese,21,16
308,Advanced Haircare Color Vibrancy Nourishing Shampoo,22,11
309,Graduates Lil' Entrees Spiral Pasta In Turkey Meat Sauce With Green & Yellow Beans,92,18
310,"Crackers, Puffed, Corn, Quinoa & Sesame",78,19
311,Naturals Savory Turkey Breakfast Sausage,52,1
312,Juicing Carrots,83,4
313,Peppermint/Banana Split Variety Pack Frozen Dairy Dessert Cones,37,1
314,Extra Whitening Multi-Benefit Fluoride Toothpaste,20,11
315,Creamy Italian Dressing Marinade,89,13
316,Revive Anti-Perspirant Deodorant,80,11
317,Best Grains Honey & Crunch Oat Bread,112,3
318,Apple Cinnamon Crisp Candle,101,17
319,Steamfresh Chef's Favorites Lightly Sauced Roasted Red Potatoes & Green Beans,116,1
320,"Glycerine Soap, Pure and Natural, Cucumber",25,11
321,Echinacea Goldenseal Alcohol Free Extract,47,11
322,Brooklyn Pizza Dough,79,1
323,Natural Food Color Packets,17,13
324,Strong & Kind Roasted Jalapeno Almond Protein Bar,3,19
325,Veggie-Style Mini Corn Dogs,42,1
326,Deluxe Sauce Made with 2% Milk Cheese Macaroni & Cheese Dinner,4,9
327,"Green Peas, Organic, Petite",116,1
328,Disinfectant Spray Cherry Blossom & Pomegranate Scent,101,17
329,Organic Whole Grassmilk Milk,84,16
330,Chilpotles in Adobo Sauce,30,6
331,Organic Lemon Gingersnap,61,19
332,Raspberry Fig Bars,3,19
333,Basil Daly Bar Soap,25,11
334,Sparkling Raspberry Lemonade Water Beverage,115,7
335,Blueberry Kombucha,31,7
336,Black Currant Kombucha,31,7
337,"Soap, Pure-Castile, 18-in-1 Hemp, Lavender",25,11
338,Yahrzeit Light Memorial Candle,33,6
339,Creamline Yogurt Wild Blueberry,120,16
340,Eco-Pac Kamut Puffs Cereal,121,14
341,Cheese Creations Four Cheese Cheese Sauce,9,9
342,"Complete Health Deboned Chicken, Chicken Meal and Rice Cat Food",41,8
343,Organic Whole Peeled Baby Carrots,123,4
344,Lime Sherbet,37,1
345,Extra Strength Berry,64,7
346,Sunflower Bread,112,3
347,"Vegetable Salad Kit, Sweet Kale",123,4
348,Super Slimming Herbal Tea,94,7
349,Organic Granulated Tapioca,17,13
350,Mixed 12 Pack Lion's Share Ale,27,5
351,Go Fresh Nutrium Moisture Body Wash Blue Fig & Orange Blossom Scent,127,11
352,Colby Jack & Mild Cheddar Combo Pack,21,16
353,Tzatziki Greek Yogurt Dip,67,20
354,Twist n Loc Small Round Containers + Lids,85,17
355,Ground Flaxseed With Mixed Berries,117,19
356,Ristorante Pizza Spinaci Thin Crust Pizza,79,1
357,White Writing Gel,97,13
358,Frozen All Butter Pound Cake,119,1
359,Deli Thin-Sliced Honey Ham,96,20
360,Whole Wheat Spanakopita,129,1
361,Day and Night Multi-Symptom and Severe Cold & Cough Pain Reliever/Fever Reducer,11,11
362,Pound Cake Cake Mix,105,13
363,Water Crackers Original All Natural,78,19
364,Greener Selection Salad,123,4
365,Cheerios Cereal,121,14
366,Vitamin C 1000 Mg Tropical Drink Mix Dietary Supplement,47,11
367,Ultimate Omega 1000 mg Lemon Soft Gels,47,11
368,Fabric Softener Dryer Sheet Free & Gentle 200CT Fabric Enhancers,75,17
369,New Mexico Chili,30,6
370,Chocolate Caramel Whey Protein Bar,3,19
371,Juniper Berry Soda,77,7
372,Moisture Rich Sweet Orange & Argan Conditioner,22,11
373,Honey Glazed Carrots,116,1
374,Sliced Kosher Salami,96,20
375,Multigrain Spaghetti Style Pasta,131,9
376,Even & Bright Pink Lemon and Mandarin Orange Body Wash,127,11
377,Chunky Beef with Vegetables & Brown Rice Dog Food,40,8
378,Powerball Quantum Max Shine & Protect Automatic Dishwasher Detergent,74,17
379,Super Dry Beer,27,5
380,Clementine Bag,123,4
381,Toaster Pops Strawberry,52,1
382,Sugar Free Mint Patties,45,19
383,Breaded Chicken Breast Tenders,34,1
384,EverCurl Hydracharge Conditioner,22,11
385,Liquid Drink Mix Blackberry Lemonade,90,7
386,Real Chicken & Veggies Recipe Dog Food,40,8
387,Chocolate Brownie Flavor Protein Bar,3,19
388,Stove Top Stuffing Mix for Turkey,4,9
389,Mache Blend,123,4
390,Super Enzymes,47,11
391,Organic Yukon Gold Potato Bag,83,4
392,OPA Greek Yogurt Ranch Dressing,89,13
393,Phoenix Anti-Perspirant & Deodorant Stick Twin Pack,80,11
394,Aquaphor Healing Ointment,127,11
395,Sweet Cream Buttermilk Powder,17,13
396,Cashews Natural Unsalted,37,1
397,Pure Granulated Cane Sugar,17,13
398,Organic Hard Candy Blood Orange and Honey,45,19
399,Organic Strawberry Lemon-ade,31,7
400,Grass-Fed Yogurt Blueberry Cardamom,120,16
401,"Flat Floss, Antiplaque, Naturally Waxed, Spearmint",20,11
402,100% Pure Beef Homestyle Patties,34,1
403,Ultra Thin Pastrami,96,20
404,Reg; Organic Apple Cider Vinegar 16 Fl Oz,19,13
405,100% Organic Diced Tomatoes,81,15
406,Vanilla Almond Protein Bar,3,19
407,Almond Glow Almond Body Lotion/Massage Oil,109,11
408,Pink Vitamin C 1000 Mg Pink Lemonade Drink Mix,47,11
409,Original Bite Size Candies Natural & Artificial Flavors Fun Size,45,19
410,Holiday Sugar Plum Spice Herbal Tea,94,7
411,Super Plus Cardboard Applicator Unscented Tampons,126,11
412,Brazilian Keratin & Argan Oil Leave-In Conditioning & Styling Elixir,22,11
413,Dual Action Beta Immune and Anti-Oxidant Effervescent Citrus,11,11
414,Gluten Free Chicken Rustica Pizza,79,1
415,16 oz Cold Cups,111,17
416,Laundry Soil Stain Remover,75,17
417,Classics Baby Binks Easter Chocolate Bunny,100,21
418,Whole Grain Linguine Pasta,131,9
419,Light & Fit Strawberry Cheesecake Greek Nonfat Yogurt,120,16
420,International Cafe French Vanilla Mix,26,7
421,Garlic & Herb Fresh Goat Cheese,21,16
422,Mix-Up Flamin' Hot & Cheezy Mix Flavored Snack Mix,107,19
423,Red Jalapeno Caesar Dressing,89,13
424,Linguine Pasta,131,9
425,Sardines in Water Salt Added,33,6
426,2nd Foods Bananas,92,18
427,Italian Style Panko Breadcrumbs,5,13
428,Everyday Mega Pack Paper Plates,111,17
429,Dark Red Kidney Beans,59,15
430,Born Yesterday Pale Ale,27,5
431,"Ice Cream, Cookies & Cream",37,1
432,Vanilla Almond Breeze Almond Milk,91,16
433,Organic Whole Granulation Roasted Buckwheat Groats,107,19
434,Beach Sage Liquid Fabric Softener,75,17
435,Dark Chocolate Raisins,50,19
436,Petite Brussels Sprouts,116,1
437,Strawberry Cheesecake Nonfat Yogurt,100,21
438,Special K Vanilla Cappuccino Protein Breakfast Shakes,48,14
439,Crispy Cinnamon Pear Chips,50,19
440,Crossovers Olive Thyme Almond,100,21
441,Antioxidant Cranberry Body Wash,25,11
442,Sliced Chicken Entree Cat Food,41,8
443,Ultra Power Plus Laundry Detergent 54 loads,75,17
444,Special Recipe Italian Bread,112,3
445,Almond Honey Protein+ Bar,3,19
446,Blueberry Pomegranate Acaí Cultured Goat Milk Kefir,120,16
447,"Tea, Superflower, Hibiscus, Blueberry, Caffeine-Free, Bags",94,7
448,White Chicken Chili,59,15
449,Chips Ahoy! Chewy Cookies,61,19
450,Chow Mein Thin Noodles,4,9
451,"Almond Spread, Dark Chocolate",88,13
452,Sleepytime Sinus Soother Herbal Tea,94,7
453,Hummus Wrap,13,20
454,Sloppy Joe Sauce,51,13
455,Ibuprofen Liquid Gels,133,11
456,Sparkling Blueberry,77,7
457,Whole Wheat Fig Bar,48,14
458,Total Advanced Floss Tip Medium Toothbrush,20,11
459,Honey Vanilla Greek Yogurt,120,16
460,Acai Dragonfruit Melon Green Tea,94,7
461,Sore Throat Wild Cherry Lozenges,11,11
462,Fiber 4g Gummy Dietary Supplement,70,11
463,Salt Free Seasoning,104,13
464,Liquid Water Enhancer Peach Green Tea With Ginseng & Honey,90,7
465,100% Natural Just Peaches,50,19
466,Old Fashioned Vegetable Beef Soup,69,15
467,"Soup, Lower Sodium, Organic, Split Pea",69,15
468,Kabocha Squash,83,4
469,Whipping Cream,53,16
470,Lite Beer,27,5
471,Half 'n Half Lemonade Tea,94,7
472,Fancy Diced Hot Chilies,100,21
473,Plastic Measuring Cups,10,17
474,Lavender Body Wash,25,11
475,Organic Reposado Tequila,124,5
476,Chub Mackerel,95,15
477,Naturally Aged Cheddar Cheese Block Hot Habanero,21,16
478,Organic Pitted Kalamata Olives,110,13
479,Most Wanted Cabernet Sauvignon Red Wine,28,5
480,Slow Churned Mint Chocolate Chip Ice Cream,37,1
481,Black Peppercorns,104,13
482,"Gentle Clean Foaming Face Cleanser, 6.7 fl oz Female Skin Care",73,11
483,"\""Constant Comment\"" Decaffeinated Black Tea Blend",94,7
484,Plain Greek Goat Yogurt,120,16
485,Country Stew Choice Cuts In Gravy Dog Food,40,8
486,Lowfat Raspberry Kefir Probiotic Cultured Milk Smoothie,120,16
487,"Can/Bottle Opener, Chrome",10,17
488,Organic Orange Turmeric Juice,31,7
489,Dough for Turnover Pastries,58,1
490,Gin Gins Candy,45,19
491,Pompelmo Water,100,21
492,"Couscous, Israeli, Garlic Jalapeno",63,9
493,Pear and Blueberry Baby Breakfast,92,18
494,Yellow Cherry Tomato,83,4
495,Pure Cane Granulated W/Spout Sugar,17,13
496,Designer 9 Oz. Paper Cups,111,17
497,Mascarpone Pistachio Caramel Gelato,37,1
498,Daily Moisture Shampoo,22,11
499,Aspirin 325 Mg,133,11
500,Non-Scratch Scrub Sponges,114,17
501,Proactive Health Mature Adult Hairball Care Cat Food,41,8
502,"Frozen Desserts, Fit, Salted Caramel",37,1
503,Wild Rice Blend,68,10
504,Velveeta Shells & Cheese Bold Jalapeno,4,9
505,100% Natural String Cheese Mozzarella Cheese,21,16
506,Arrowroot Powder,6,2
507,Tikka Masala Curry Sauce,72,13
508,Freeze-Dried Edamame Veggie Snack,50,19
509,Starting Solids Carrots Organic Baby Food,92,18
510,Protein Blend Honey Oats & Seeds Cereal,121,14
511,Lecithin Granules Non-GMO,47,11
512,Multigrain Pop Cakes,107,19
513,Honey Maid Graham Cracker Crumbs,17,13
514,Freezer Safe Pint Jars Wide Mouth,85,17
515,Organic Lowfat Pomegranate Acai Kefir Probiotic Cultured Milk Smoothie,120,16
516,American Cheese Slices,21,16
517,French Rolls,43,3
518,Turkey Meatloaf & Mashed Potatoes,38,1
519,Antioxidant Infusions Brasilia Blueberry,31,7
520,Sweet & Smokey Kansas City Bbq Sauce,72,13
521,Daily Shower Cleaner Ylang Ylang,114,17
522,Coffee Liqueur,124,5
523,Biotin & Collagen Shampoo,22,11
524,in Gravy with Carrots Peas & Corn Mashed Potatoes & Meatloaf Nuggets,92,18
525,Good & Clean Gentle Acne Wash,109,11
526,Alcohol Free Maple Flavor,104,13
527,Invigorating Face Wash Men,73,11
528,Tasty Treasures Cat Food Variety Pack,41,8
529,Essentials Foaming Facial Cleanser,73,11
530,7UP,77,7
531,Adult Dog Formula Dog Food,40,8
532,Unsalted Pretzel Round,107,19
533,Stuffed Pasta Shells,38,1
534,"Tomato Paste with Basil, Oregano & Garlic Flavor",81,15
535,Rescue Remedy,6,2
536,Belgian Waffles,52,1
537,Kosher Dill Babies,110,13
538,Take Alongs Twist & Seal Liquid Storage,85,17
539,Tri Color Tortilla Strips,89,13
540,Beef Strips Portabella Complete Meals,38,1
541,with Dawn Action Pacs Fresh Scent Dishwasher Detergent Pacs,74,17
542,Medium to Firm Hold Hair Styling Foam,22,11
543,Rice & Bean Snack Chips With Adzuki Beans Chipotle Cheese,107,19
544,Classic Original Hummus,67,20
545,Creamy Danish Blue Cheese Wedge,21,16
546,Tomatillo Salsa,51,13
547,1000 Roses Floral Toner for Sensitive Skin,109,11
548,Hi-Chew Strawberry Fruit,66,6
549,Cranberry Almond Fruit Clusters Dried Cranberries,125,19
550,"Granola, Veritas, Organic",57,14
551,"Riesling, Mosel, 2014",62,5
552,Organic Mango Peach Carrot Kickstart Smoothie,116,1
553,BBQ Concentrate & Marinade Sauce,5,13
554,Turkey Chili,1,20
555,Even The Kitchen Sink Kitchen & Bath Scrubber,114,17
556,Bake & Break Cheese Garlic Loaf,100,21
557,Red Seedless Grapes Imported,24,4
558,Organic Raw Almond Butter,88,13
559,Cookie Chips Crunchy Dark Chocolate Chocolate Chip Cookies,61,19
560,Tea Temples Green Tea With Mint,94,7
561,Smoke Roasted Wild Sockeye Asian Sesame Salmon,15,12
562,Traditional Tartar Sauce,100,21
563,Pure Moringa Vegetable Powder,47,11
564,Embrace Sensitive Women's 5 Blade Disposable Razors,55,11
565,Light and Fluffy  Blueberry Pancake Mix,130,14
566,Organic Thin Sliced 100% Whole Wheat Bread,112,3
567,Malbec Red Wine,28,5
568,Artisan Style Melts Quattro Formaggi Pizza,79,1
569,Golden Cupcakes 8 Pack,61,19
570,White Chicken Chili with Beans Pouch,59,15
571,Thin & Crispy Crust Pepperoni Pizza,79,1
572,Brown Bobby Pins,22,11
573,Red Roses,87,17
574,Crunch Vanilla Sugar Mini Cookies,61,19
575,Organic Medium Yellow Thai Curry,72,13
576,Vanilla Sugar Cookies,61,19
577,Liqui-Gels Softgels Dye-Free Allergy,11,11
578,"10\"" Bamboo Skewers",10,17
579,Stain Odor Eliminator Detergent,75,17
580,Washington State Merlot,28,5
581,Garnet Sweet Potato (Yam),83,4
582,Lite Whipped Topping,119,1
583,Vanilla Incense of Auroville,101,17
584,Organic Blueberry Pomegranate Whole Milk Yogurt,120,16
585,Pretzel Thins Parmesan Herb Crackers,78,19
586,Geranium Daily Bar Soap,25,11
587,Air Effects Gain Island Fresh,101,17
588,Special K Original Cereal,121,14
589,Salsa Roja,51,13
590,Almonds Roasted and Salted,117,19
591,Oreo Cookies and Cream Chocolate Frozen Dairy Dessert,37,1
592,SpongeBob Shapes Macaroni & Cheese Dinner,4,9
593,"Linguine, No. 6",131,9
594,Gluten Free Peanut Butter Berry  Chewy With A Crunch Granola Bars,3,19
595,Injera Flat Bread,128,3
596,Dailyfoods Vitamin D-3 2000 IU,47,11
597,Chicken & Brown Rice Formula Cat Food,41,8
598,Cabernet Sauvignon California,28,5
599,Floor Care Tile & Vinyl Floor Finish Clean Scent,114,17
600,Thick & Zesty Spaghetti Sauce Mix,104,13
601,Organic Crunchy Slaw Americana Salad,123,4
602,Banana Chocolate Chip,52,1
603,NasaFlo Neti Pot Sinus Relief with Premixed,11,11
604,Cookie Sheets,10,17
605,Natural Liquid Laundry Detergent - Blue Eucalyptus and Lavender,75,17
606,Salted Caramel Ice Cream,37,1
607,Goober Strawberry,88,13
608,Sparkling Lemon Seltzer Water,115,7
609,Clarified Lime Juice,17,13
610,Mac & Cheezy Ravioli For Kids,38,1
611,Uncured Hard Salami,96,20
612,"Rice, Extra Long Grain, Enriched",63,9
613,"Infinity Always Infinity Size 2 Super Pads with Wings, Unscented, 16 ct Feminine Care",126,11
614,Plain Dairy-Free Probiotic Drinkable Cashewgurt,100,21
615,Supreme Pretzel Crackers,107,19
616,Silken Tofu,14,20
617,Organic Mozzarella,21,16
618,Apple Sparkling Juice Beverage,98,7
619,Spanish Peanuts,117,19
620,Norwegian Salmon Oil Omega-3s EPA & DHA Dietary Supplement Soft Gels 1000 mg,47,11
621,98% Fat Free Cream Of Chicken Soup,69,15
622,Fudge Brownies with English Walnuts,61,19
623,Fun Size Snacks,45,19
624,Chub Chorizo,100,21
625,"Chicken Breast Nuggets, Dinosaur Shaped",34,1
626,Organic Hearty Garden Vegetable Soup,69,15
627,Low Fat Honey Graham Crackers,61,19
628,Fresh Oj,98,7
629,Probiotics Women 50 & Wiser Vegetarian Capsules,70,11
630,Snack Size Candy,45,19
631,Original Puffcorn,107,19
632,Satin Care Sensitive Skin Shave Gel,55,11
633,Coconut Milk Creamer Barista Style Original,91,16
634,Organic California Blend,116,1
635,Little Bites Snickerdoodle Muffins,61,19
636,Red Raspberry Jam,88,13
637,Multigrain Peanut Butter Cereal,121,14
638,Won Ton Wrappers,66,6
639,Green Berry Rush Juice Drink,98,7
640,Spicy Tomato & Basil Pasta Sauce,9,9
641,Cheddar Cheese Curds,21,16
642,Three Cheese Ravioli,12,9
643,"Kidney Beans, Dark, Premium",30,6
644,Organic Southwestern Vegetable Soup,69,15
645,"Prenatal One, Tablets",47,11
646,Organic Fruit Punch,98,7
647,Melanie Medleys Vegetable Cream Cheese,53,16
648,Elbow Macaroni,131,9
649,Classic coke,77,7
650,Pop'n Hot! Vegan Broccoli Poppers,50,19
651,Organic Salted Butter,36,16
652,Garden Strawberry Fruit Spread,88,13
653,"Flax, Oat Bran & Whole Wheat Flour Tortillas",128,3
654,Ultra Thin Super Long with Wings Pads,126,11
655,Fettucine Paglia & Fieno Enriched Egg Pasta,131,9
656,Biotin Super Strength 7500 mcg Tablets,47,11
657,"Nutrition Bar, Raw Organic, Pineapple Almond + Raw Protein",3,19
658,Keebler Sandies Cashew 12.8 Oz,61,19
659,Zero Strawberry Lemon,115,7
660,Foldit Flatbreads Artisan Rosemary & Olive Oil,128,3
661,Sweet Lemon Rain Dance Bar,48,14
662,Ultra Concentrated Antibacterial Hand Soap Lemon Scent Dishwashing Liquid,74,17
663,Pico De Gallo,67,20
664,Cream Style Corn,81,15
665,Imitation Crabmeat,15,12
666,Whole Wheat Loaves,112,3
667,"Automatic Dish Packs, Lemon Verbena Scent",75,17
668,Chicken Liver Paté Canned Cat Food,41,8
669,The Santa Cruz Burrito,38,1
670,"Coconut Drink, Vanilla",91,16
671,Vegan Shells & Creamy Sauce Mac & Cheese Macaroni & Cheese Organic,4,9
672,Double Berry Cheesecake,37,1
673,Chicken Base,69,15
674,Sponge Blossoms,114,17
675,"Thin Cakes, Puffed Multigrain",78,19
676,Sunset Blush,6,2
677,Peach Aloe Vera Drink,98,7
678,Original Minis Pretzel Chips,107,19
679,Awesome Strength Paper Towels,54,17
680,Acne Dote Clean 'n Treat Towellettes,109,11
681,Whole Wheat Mini Toasts,78,19
682,Cruisers Diapers Jumbo Pack - Size 5,56,18
683,Town House Sea Salt & Olive Oil Flatbread Crisps,78,19
684,Organic Elmo Vegetable Soup,69,15
685,Organic Porcini Mushroom Risotto,4,9
686,Tea Tree + Sea Buckthorn Calming Shampoo,22,11
687,Cocktail Time Hummus,67,20
688,Sausage Gravy & Biscuit,52,1
689,"Antibacterial, Pomegranate & Tangerine Hand Soap with Moisturizer",127,11
690,Vegetable Hearty Garden Soup,100,21
691,Organic Promise Strawberry Fields Cereal,121,14
692,Skirt Steak,122,12
693,Tropical Brain Toniq,64,7
694,Greek & Chia Blood Orange Yogurt,120,16
695,Diet Dr Pepper Bottles,77,7
696,Tea Tree Replenishing Shampoo,22,11
697,Quick Cooking Steel Cut Oats,130,14
698,Baby's Mineral Lotion Spf 50,25,11
699,Sugo Rosa Pasta Sauce,9,9
700,Jet Fuel Dark Roast Whole Bean Coffee,26,7
701,Blueberry Blast Bar,3,19
702,Cheese Spread Port Wine,2,16
703,Traditional No Fat Refried Beans,59,15
704,Outlast Xtend Clean Lavender Invisible Solid,80,11
705,Fajita Flour Tortillas,128,3
706,Furniture Polish Lemon Scent,114,17
707,XyliWhite Platinum Mint Toothpaste Gel,20,11
708,Unscented Regular Sleek Tampons,126,11
709,Soft Eating Mango Flavor Liquorice,45,19
710,Garlic Barrel Pickles,110,13
711,Vegetarian Brown  Gravy Mix,5,13
712,Direct Trade El Diablo Dark Roast Whole Bean Coffee,26,7
713,Pink Moscato California,6,2
714,Breakfast Blend Light Roast K-Cup Packs,26,7
715,Vitamin C Formula 1000 mg Vegetarian Tablets,47,11
716,Mouthwash Clean Mint Listerine® Zero™,20,11
717,Sweeper Open Window Fresh Scent Wet Mopping Cloths Refill,114,17
718,Traditional Chicken Tuscany Soup,69,15
719,Scars Cream + SPF 30,118,11
720,Artisan Spiced Pecan Turtle Ice Cream,37,1
721,Sweet Chai of Mine Chai Tea Bags,94,7
722,Snack Sticks Chicken & Rice Recipe Dog Treats,40,8
723,Movie Theater Butter Pop Corn,23,19
724,Pods Spring Meadow Detergent + Stain Remover + Brightener,75,17
725,Ceylon Cinnamon,104,13
726,Gluten-Free Boom Chicka Pop Sweet & Spicy Popcorn,23,19
727,HE Turbo Powder Original  Laundry Detergent,75,17
728,"Wraps, Turmeric",128,3
729,Superfood Bar Goji Acai Organic,3,19
730,Restorative Biotin Conditioner,22,11
731,Wild Mushroom Vegetarian Quarter Loaf,14,20
732,Lemon Fresh Multi Surface Cleaner,114,17
733,Cinnamon Pop'ettes,61,19
734,Salame All Natural Uncured Pepperoni,96,20
735,Four Cheese Pizza Frozen Sandwiches,129,1
736,"Beer, IPA",27,5
737,100% Whole Wheat Flour Burrito Tortillas,128,3
738,Almond Breeze Unsweetened Almond Coconut Milk Blend,91,16
739,Gourmet Australian Style Liquorice,45,19
740,Celery Heart,123,4
741,Bean Threads,66,6
742,Organic Raw Coconut Aminos,72,13
743,Pepperoni Party Pizza,79,1
744,Organic Four Bean Feast Baby Food,92,18
745,Complete Funfetti Buttermilk Pancake & Waffle Mix,130,14
746,Honeydew Hawaiian Shampoo,22,11
747,Xylitol Sweetener,17,13
748,Romaine,123,4
749,Dark Chocolate Bar 68% Cacao,45,19
750,Marble Cake Slice,8,3
751,Clean Day Countertop Spray,114,17
752,Tomatillos Tomatoes,30,6
753,Milk Chocolate Toffee Bits,17,13
754,Hydro Silk Women's Sensitive Skin Refill Blades,55,11
755,Skim Milk sharp Cheddar Cheese Singles,21,16
756,Malt Vinegar & Sea Salt Kettle Cooked Potato Chips,107,19
757,Premium Deli Hard Salami,96,20
758,No Sugar Added The Original Fudge Pops,37,1
759,Pain Reliever and Fever Reducer Cherry Infant Drops,11,11
760,Cracker Trio Selected Favorites,78,19
761,Tidy Cats 4-in-1 Strength Cat Litter,41,8
762,100% Columbian Coffee,26,7
763,Lemonade Flavor Drink Mix,90,7
764,Classic Butter Microwave Popcorn,23,19
765,Swaddlers Diapers Jumbo Pack Size Newborn,56,18
766,Refried Beans Vegetarian,30,6
767,Organic Fiber Fruit Blend,116,1
768,Nacho Grain-Free Tortilla Chips,100,21
769,Sliced American Cheese,21,16
770,Preference Fade-Defying Color + Shine System 9.5NB Lightest Natural Blonde,22,11
771,Butter Flavor Pan Popcorn,23,19
772,Deluxe White Cheddar & Bacon Macaroni & Cheese Dinner,4,9
773,Double Control Small Roach Baits Insecticide,87,17
774,Organic 100% Whole Wheat Rigatoni,131,9
775,Organic Dried Cranberries,117,19
776,Fruit Salad Gummi Candy,45,19
777,Teensy Fruits Baby Fruit Snacks Berry,92,18
778,All Natural Homestyle California Lemon Limeade,31,7
779,Cat Treats Hair Ball Control Chicken,41,8
780,Breadstick,112,3
781,Organic Shredded Mild Cheddar,21,16
782,"85% Lean, 15% Fat Ground Turkey (013021)",49,12
783,Mega Mag,47,11
784,Organic Vegetable Tray,83,4
785,Get Lost Weight Loss Tea,94,7
786,Thick Gel Toilet Bowl Cleaner,114,17
787,Coconut Lime Lip Balm,73,11
788,XXX Acai Blueberry Pomegranate,64,7
789,Ultimate Absorbency Regular Length,126,11
790,Garbanzo Beans,59,15
791,Creamy Chocolate Sugar Free Powder Coffee Creamer,53,16
792,Organic Pasteurized Apple Juice,98,7
793,Organic Spinach Quinoa Powermeal Bowl,123,4
794,Pad Thai Rice Noodles,66,6
795,"Organic Fuel, High Protein Milk Shake, Vanilla",65,11
796,Chocolate Reese's Peanut Butter Cup Creme Oreo,61,19
797,Unstopables Downy Unstopables Dreams In-Wash Scent Booster Fabric Enhancer 13.2oz Fabric Enhancers,75,17
798,Mega Shower Foamer with Ultra Cling Trigger,114,17
799,Fresh Cut Specialties Cut Golden Wax Beans,81,15
800,Organic Classic Caraway Kraut,110,13
801,Advanced Care Skin Renew Anti-Perspirant Deodorant,80,11
802,Organic Super Berry Juice,31,7
803,Heirloom Boysenberries,116,1
804,Ratatouille,100,21
805,Vitamin D3 1000 I.U Vegetable Capsules,47,11
806,100% Cranberry Juice Blend,98,7
807,For Chicken Marinade,5,13
808,Wild Raspberry Hibiscus Caffiene Free Herbal Tea Bags,94,7
809,Bolani Pumpkin Filled Flatbread,13,20
810,Organic Honey Mustard,72,13
811,Chocolate Decorating Cookie Icing,97,13
812,Healthy Grains Oats & Honey Clusters with Toasted Coconut Gluten Free,57,14
813,Spinach Pesto,9,9
814,Trix Cotton Candy Yogurt,120,16
815,Orange Flavored Sports Drink,64,7
816,Calcium Lime & Rust Remover,114,17
817,3rd Foods Chicken Noodle Dinner,92,18
818,Micro Craft Beer,27,5
819,Totality Multi-Symptom Relief,44,11
820,Vanilla Almond Butter Squeeze,88,13
821,Cranberry Urinary Tract Health,126,11
822,Spicy Jalapeno Ranch Popcorn,23,19
823,Refreshing Ocean Breeze Body Wash,127,11
824,Flourless Chocolate Truffle Cake,8,3
825,Cream Cleanser for Normal to Dry Skin,109,11
826,Original No-Stick Cooking Spray,19,13
827,Albacore Chunk White Tuna in Water,95,15
828,Euro Sponge Cloths,114,17
829,Compleats Good Mornings Bacon Breakfast Scramble,4,9
830,Skinny Wheat Buns,112,3
831,All Natural Premium Cornish Hen,34,1
832,High Protein Chocolate Light Milk Shake,65,11
833,Hearts Assortment,45,19
834,Single Classic Canned Meat,59,15
835,Lemon Verbena Bar Soap,25,11
836,Sliced Onion Bagels,93,3
837,California Merlot,28,5
838,"Goat Cheese, Spreadable, Breakfast, Fig",51,13
839,Glass Bottles,77,7
840,Coco Joe Pumpkin Seeds,117,19
841,Thick Cut Italian 7-Herb Blend Crispbreads,78,19
842,Sugar Free Fruit Juicy Red Drink Mix,90,7
843,Mountain Stream Fabric Softener,75,17
844,Polska Kielbasa,106,12
845,NyQuil Severe Cold & Flu,11,11
846,Apple Green Cups,111,17
847,Gluten Free Sugar Cookie Mix,105,13
848,"Cat Food, Premium, Adult Cat Formula",41,8
849,Blueberry & Banana Tiny Fruits Freeze Dried Snacks,92,18
850,Crunchy & Soft Taco Dinner Kit,30,6
851,Chile Con Queso Potato Crisps,107,19
852,Light String Cheese,21,16
853,Crunchy Granola Bars Variety Pack,48,14
854,Traditional Red Miso,66,6
855,Clamato Chelada Beer,27,5
856,Asiago Cheese Bread,21,16
857,Grilled Asparagus,123,4
858,"Pomegranate Coconut Sparkling Probiotic Drink, Organic",31,7
859,2-Ply Everyday Napkins,54,17
860,Chicago Steak & Chop Cracked Pepper & Garlic Blend,104,13
861,Every Woman Multivitamin,47,11
862,Unsweetened Original Organic Soy Non-Dairy Beverage,91,16
863,ArtiHearts Fresh Grilled Artichokes,123,4
864,Stainless Steel Strainer,10,17
865,Automatic Toilet Bowl Cleaner Bleach & Blue Rain Clean Scent Pack,114,17
866,Flavor & Fiber Banana Walnut Bar,3,19
867,No Wax Floss Classic 490,20,11
868,Cleanse & Replenish 2-in-1 Shampoo,22,11
869,Organic Mango Mania ZFruit and Veggie Rope,3,19
870,Just Fruit Salad,50,19
871,Rose & Apricot Hair Milk,22,11
872,Power Greens,31,7
873,Graduates Lil' Meals Spaghetti Rings In Meat Sauce,92,18
874,Cherry Pie,8,3
875,Ginger Berry Kombucha,31,7
876,Vitamin B6 100 mg,47,11
877,Ultra-Filtered Whole Milk,84,16
878,Moisturizing Lavender Body Wash,25,11
879,Baby Dry Diapers Size 4,56,18
880,Organic Smooth Move Chamomile Laxative Tea Bags,94,7
881,Heavy Duty Scrub Sponges,114,17
882,Fingerling Potato,83,4
883,Peanut Butter Chocolate Chip Bar,3,19
884,Dried Parsley Flakes,104,13
885,Lunchmakers Pizza Pepperoni with Nestle Crunch Bar,13,20
886,Whole Grain Salad with Roasted Pecans & Mango Vinaigrette,1,20
887,Creamy Supreme Buttercream Frosting,97,13
888,Clean Freak Refreshing Dry Shampoo,22,11
889,Oatnut Bread,112,3
890,Organic Diced Tomatoes,81,15
891,Liquid Water Enhance Ice Van Java,100,21
892,White Tea Lavender Probiotic Kefir Water No. 2,94,7
893,"Vitamin E Oil 45,000 IU",109,11
894,Greek 100 Calories Vanilla Fat Free Yogurt,120,16
895,YoKids Squeeze Organic Blueberry Blue Yogurt,120,16
896,Children's Bubblegum Flavor Suspension,11,11
897,Pearl Active Duopack Tampons,126,11
898,Saucy Ginger Mandarin Dressing,89,13
899,Colby Jack Cheese Slices,21,16
900,"Fava Crisps, Santa Barbara Ranch",107,19
901,Dark Chocolate Peanut Candy,45,19
902,"Baked Rice Crisps, Sour Cream & Wasabi, Medium",78,19
903,Gluten Free Sugar Cones,103,19
904,"Tofu, Gluten Free, Garlic Pepper",14,20
905,Fish Oil with Vitamin D 1000mg,47,11
906,Chamomilla 30 C,47,11
907,Premium Sliced Bacon,106,12
908,Onion & Herb Salt-Free Seasoning Blend,104,13
909,Calcium Magnesium Citrate Plus Vitamin D3 Natural Mixed Berry Flavor,47,11
910,Nutri-Grain Harvest Hearty Breakfast Bars Country Strawberry,48,14
911,"Protein Shake, Organic, Banana Creme",64,7
912,Mushroom Stems & Pieces in Water,81,15
913,Dry Pasta Lasagne,131,9
914,"Cold & Cough Formula, Effervescent Tablets, Citrus",11,11
915,Ultra Soft & Strong Double Roll Bath Tissue,54,17
916,Majestic Roast Ground Coffee,26,7
917,All Time Great's Candy Assortment,45,19
918,Light Brie Soft-Ripened Cheese Mini-Wheel,2,16
919,Apricot Fruit Roll,50,19
920,Coconut Yogurt,120,16
921,Black Salt Caramel Dark Chocolate Bar,45,19
922,Chipotle & Roasted Garlic Seasoning,104,13
923,Country Fresh Old Fashioned Horseradish,88,13
924,2 In 1 Laundry Detergent,75,17
925,Southern Style Diced Hash Brown Potatoes,129,1
926,Crispy Thin Crust White Pizza,79,1
927,"Cabernet Sauvignon, Central Coast, 2011",28,5
928,Chunky Classic Chicken Noodle Soup,69,15
929,New England Clam Chowder Condensed Soup,69,15
930,ULTRACLEAN™ Cool Mint ULTRACLEAN™,20,11
931,Lash Discovery Waterproof Mascara - Very Black,132,11
932,Vegetable Pie In A Pocket Sandwich,38,1
933,Roarin' Waters Wild Cherry Water Beverage,98,7
934,Mini Pre-Sliced Blueberry Bagels,93,3
935,Premium Apple Juice,98,7
936,Butterfinger Smooth & Crunchy Peanut Butter Cups,45,19
937,Buffalo Style Chicken Strips,129,1
938,"Disinfectant Spray, Crisp Linen Scent",114,17
939,Annie's Bunny Fruit Snacks Variety,50,19
940,Bathroom Tissue,54,17
941,Smoked Atlantic Nova Salmon,15,12
942,Echinacea & Elderberry Organic Herbal Tea,94,7
943,Magnesium Citrate Caplets,47,11
944,Vanilla Orange Swirl Ice Cream,37,1
945,Fruit Punch Juice Drink,98,7
946,Seasonal Oikos Greek Yogurt,120,16
947,Cracker Crunchers Bologna with Nestle Butterfinger Bar LunchMakers,13,20
948,Superior Spot & Film Protection Jet-Dry Dishwasher Rinse Aid,74,17
949,Sensitive Shave Gel with Aloe,55,11
950,Toll House Ultimate Chocolate Peanut Butter Deluxe Cookie Dough,105,13
951,Vitamin D3 Cholecalciferol Softgels,47,11
952,"Flaxseed Meal, Whole Ground",17,13
953,Plain Fat Free Yogurt,120,16
954,Simple White Down East Crackers,78,19
955,Cheddar Chex Mix,125,19
956,Shampoo Baby Shampoo,102,18
957,Key Lime Moisture Shave,55,11
958,Almond Extract,47,11
959,Chicken & Vegetable Stir Fry Café Steamers,38,1
960,Villager Ipa,27,5
961,Grape Sunflower Butter Sunwiches,13,20
962,Organic Roasted Garlic Vinaigrette Dressing Organic,89,13
963,Unsalted Beef Broth,69,15
964,Toothpicks,87,17
965,Maxtra Cartridge Water Filter Refills,87,17
966,Pear Hard Cider,27,5
967,Gluten Free Soft & Chewy Snicker Doodle Cookies,8,3
968,Zipper Bags Sandwich - 50 CT,85,17
969,Petite Green Peas,116,1
970,Salmon and Tuna Formula Dry Cat Food,41,8
971,Chicken Alfredo with Rotini,38,1
972,Linguine No 7 Pasta,131,9
973,8 X 6 Cutting Board,10,17
974,Organic 54% Cocoa Dark Chocolate Bar,45,19
975,Creamy Vanilla Soy Milk Frozen Dessert,37,1
976,Cavity Protection Regular Flavor Toothpaste,20,11
977,Deli Spicy Brown Mustard,72,13
978,Mallow Oats Cereals,121,14
979,Odor Control Home Trash Compactor Bags 18 Gallon,60,17
980,Automatic Toilet Bowl Cleaner with Bleach,114,17
981,Garlic Naan,128,3
982,Aged Gouda Cheese,2,16
983,Strawberry Pomegranate,3,19
984,Cucumber Witch Hazel With Aloe Vera,109,11
985,Peanut Butter Bars,3,19
986,Crushed Pineapple in 100% Juice,99,15
987,Naturals Antiseptic Adult Mouthwash Herbal Mint,20,11
988,Cranberrry  Almond Soft & Chewy Granola Bar,3,19
989,Chapatti Chicken Tikki Masala Wrap,38,1
990,Diced Pancetta,96,20
991,Red Sweet Mini Pepper,100,21
992,Thin Crust Pepperoni & Pesto Pizza,79,1
993,Mild Diced Tomatoes with Green Chilis,81,15
994,Shake n Pour Buttermilk Pancake Mix,130,14
995,Sausage Smoked Sweet German Brand,106,12
996,Honey Cinnamon Nut-Thins  Crackers,125,19
997,Mini Double Chocolate Ice Cream Bars,37,1
998,Hot Chopped Green Chili,104,13
999,Original Organic Ville BBQ Sauce,5,13
1000,Apricots,18,10
